{
	"partitions" : [
		{
			"name" : "Top",
			"pins" : [
				{
					"name" : "leds[0]",
					"strict" : false
				},
				{
					"name" : "leds[1]",
					"strict" : false
				},
				{
					"name" : "leds[2]",
					"strict" : false
				},
				{
					"name" : "leds[3]",
					"strict" : false
				},
				{
					"name" : "leds[4]",
					"strict" : false
				},
				{
					"name" : "leds[5]",
					"strict" : false
				},
				{
					"name" : "leds[6]",
					"strict" : false
				},
				{
					"name" : "leds[7]",
					"strict" : false
				},
				{
					"name" : "clk50",
					"strict" : false
				},
				{
					"name" : "sw[0]",
					"strict" : false
				},
				{
					"name" : "sw[1]",
					"strict" : false
				},
				{
					"name" : "sw[2]",
					"strict" : false
				},
				{
					"name" : "sw[3]",
					"strict" : false
				},
				{
					"name" : "sw[4]",
					"strict" : false
				},
				{
					"name" : "sw[5]",
					"strict" : false
				},
				{
					"name" : "sw[6]",
					"strict" : false
				},
				{
					"name" : "sw[7]",
					"strict" : false
				},
				{
					"name" : "keys[1]",
					"strict" : false
				},
				{
					"name" : "sw[9]",
					"strict" : false
				},
				{
					"name" : "keys[0]",
					"strict" : false
				}
			]
		}
	]
}