{
	"partitions" : [
		{
			"name" : "Top",
			"pins" : [
				{
					"name" : "vga_red[0]",
					"strict" : false
				},
				{
					"name" : "vga_red[1]",
					"strict" : false
				},
				{
					"name" : "vga_red[2]",
					"strict" : false
				},
				{
					"name" : "vga_red[3]",
					"strict" : false
				},
				{
					"name" : "vga_green[0]",
					"strict" : false
				},
				{
					"name" : "vga_green[1]",
					"strict" : false
				},
				{
					"name" : "vga_green[2]",
					"strict" : false
				},
				{
					"name" : "vga_green[3]",
					"strict" : false
				},
				{
					"name" : "vga_blue[0]",
					"strict" : false
				},
				{
					"name" : "vga_blue[1]",
					"strict" : false
				},
				{
					"name" : "vga_blue[2]",
					"strict" : false
				},
				{
					"name" : "vga_blue[3]",
					"strict" : false
				},
				{
					"name" : "video_blank",
					"strict" : false
				},
				{
					"name" : "horiz_sync",
					"strict" : false
				},
				{
					"name" : "vert_sync",
					"strict" : false
				},
				{
					"name" : "clock_50",
					"strict" : false
				},
				{
					"name" : "switches[7]",
					"strict" : false
				},
				{
					"name" : "switches[6]",
					"strict" : false
				},
				{
					"name" : "switches[5]",
					"strict" : false
				},
				{
					"name" : "switches[4]",
					"strict" : false
				},
				{
					"name" : "switches[3]",
					"strict" : false
				},
				{
					"name" : "switches[2]",
					"strict" : false
				},
				{
					"name" : "switches[1]",
					"strict" : false
				},
				{
					"name" : "switches[0]",
					"strict" : false
				},
				{
					"name" : "keys[1]",
					"strict" : false
				},
				{
					"name" : "switches[8]",
					"strict" : false
				},
				{
					"name" : "keys[0]",
					"strict" : false
				},
				{
					"name" : "switches[9]",
					"strict" : false
				},
				{
					"name" : "keys[2]",
					"strict" : false
				},
				{
					"name" : "keys[3]",
					"strict" : false
				}
			]
		}
	]
}